# Facts under Deep Space Tour's captions, two at a time, shuffled per object. body	fact
# Each read on the object's release page at ESA/Hubble, ESA/Webb, ESO, NOIRLab, Chandra, ESA or the EHT (see
# deep-photos.tsv for the pages), 2026-09-28. Distances in light-years.
Ring Nebula	About 2,500 light-years away
Ring Nebula	Some 20,000 dense globules of molecular hydrogen
Ring Nebula	About ten faint arcs lie beyond the main ring
Ring Nebula	Its central star is on its way to becoming a white dwarf
Southern Ring Nebula	About 2,500 light-years away
Southern Ring Nebula	Its star has puffed out shells of gas for thousands of years
Southern Ring Nebula	Each shell marks an episode of the star losing mass
Southern Ring Nebula	These layers will fade into space over thousands of years
Helix Nebula	One of the nearest planetary nebulae, 650 light-years away
Helix Nebula	Its ring is nearly 3 light-years across
Helix Nebula	In our sky it's nearly half the width of the full Moon
Helix Nebula	Thousands of comet-like knots line its inner rim
Cat's Eye Nebula	About 4,400 light-years away, in Draco
Cat's Eye Nebula	In 1864 it showed that planetary nebulae are made of gas
Cat's Eye Nebula	Its outer ring was shed before the central nebula formed
Butterfly Nebula	About 3,800 light-years away
Butterfly Nebula	Its wings stretch more than two light-years
Butterfly Nebula	Its gas tears outward at over 950,000 km/h
Butterfly Nebula	Its central star is hotter than 220,000 °C
Butterfly Nebula	The star was once about five times the Sun's mass
Red Spider Nebula	Each lobe is a closed bubble about 3 light-years long
Red Spider Nebula	Gas from the center inflated them over thousands of years
Red Spider Nebula	This phase of a star's life lasts only tens of thousands of years
NGC 6072	Likely at least two stars at its center
NGC 6072	A dying star like this can lose up to 80% of its mass
NGC 6072	In the constellation Scorpius
Exposed Cranium Nebula	Looks uncannily like a brain in a transparent skull
Exposed Cranium Nebula	A dark lane splits it into two "hemispheres"
Exposed Cranium Nebula	Its outer hydrogen shell was blown off first
NGC 5189	Its gas forms a dramatic reverse S
NGC 5189	Its central white dwarf is about the size of Earth
NGC 5189	The Sun will make a nebula like this in about 5 billion years
Crab Nebula	6,500 light-years away, in Taurus
Crab Nebula	Astronomers saw its supernova in 1054
Crab Nebula	An expanding cloud six light-years wide
Crab Nebula	Its pulsar's beams sweep past us 30 times a second
Cassiopeia A	11,000 light-years away, in Cassiopeia
Cassiopeia A	Its explosion's light reached us about 340 years ago
Cassiopeia A	Spans 10 light-years
Cassiopeia A	The youngest known supernova remnant in the Milky Way
Cassiopeia A	Some of its debris flies at up to 50 million km/h
Veil Nebula	About 2,100 light-years away, in Cygnus
Veil Nebula	Spans about 110 light-years
Veil Nebula	Left by a star 20 times the Sun's mass
Veil Nebula	That star exploded about 8,000 years ago
Vela Supernova Remnant	Only about 800 light-years away
Vela Supernova Remnant	Its star exploded about 11,000 years ago
Vela Supernova Remnant	Its pulsar spins more than 10 times a second
Vela Supernova Remnant	Nine full Moons would fit across ESO's mosaic
Pencil Nebula	A small piece of the Vela supernova remnant
Pencil Nebula	About 0.75 light-years across
Pencil Nebula	Plows through space at about 650,000 km/h
Pencil Nebula	Visibly shifts against the stars within a lifetime
WR 124	15,000 light-years away, in Sagitta
WR 124	30 times the mass of the Sun
WR 124	Has shed 10 Suns' worth of gas so far
WR 124	Wolf-Rayet stars are among the most luminous known
V838 Monocerotis	About 20,000 light-years away, in Monoceros
V838 Monocerotis	Flared for several weeks in early 2002
V838 Monocerotis	Became 600,000 times more luminous than the Sun
V838 Monocerotis	What you see is a light echo, spreading at the speed of light
Tycho's Supernova Remnant	Tycho Brahe saw this star explode in 1572
Tycho's Supernova Remnant	About 13,000 light-years away
Tycho's Supernova Remnant	The blast of a white dwarf star
Tycho's Supernova Remnant	Shock waves heat its debris to millions of degrees
Kepler's Supernova Remnant	Johannes Kepler saw it explode in 1604
Kepler's Supernova Remnant	About 17,000 light-years away
Kepler's Supernova Remnant	The thermonuclear blast of a white dwarf
E0102	200,000 light-years away, in the Small Magellanic Cloud
E0102	Its star exploded about 2,000 years ago
E0102	Home to the first lone neutron star found beyond our galaxy
Andromeda Galaxy	About 2.5 million light-years away
Andromeda Galaxy	The farthest thing you can see without a telescope
Andromeda Galaxy	Home to an estimated trillion stars
Andromeda Galaxy	Hubble picked out over 200 million of its stars
Andromeda Galaxy	Hubble's mosaic took over 1,000 orbits across a decade
Triangulum Galaxy	3 million light-years away, the third-largest in our Local Group
Triangulum Galaxy	Just 60,000 light-years across; Andromeda is 200,000
Triangulum Galaxy	Makes one Sun's worth of new stars every two years
Whirlpool Galaxy	About 25 million light-years away, in Canes Venatici
Whirlpool Galaxy	Its two great arms make it a "grand-design" spiral
Whirlpool Galaxy	The small yellow galaxy is passing behind it
Pinwheel Galaxy	170,000 light-years across, nearly twice the Milky Way
Pinwheel Galaxy	Holds at least a trillion stars
Pinwheel Galaxy	25 million light-years away, in Ursa Major
Sombrero Galaxy	30 million light-years away, in Virgo
Sombrero Galaxy	50,000 light-years across
Sombrero Galaxy	As massive as 800 billion Suns
Sombrero Galaxy	Its central black hole weighs 9 billion Suns
Cartwheel Galaxy	About 500 million light-years away, in Sculptor
Cartwheel Galaxy	Shaped by a high-speed crash with a smaller galaxy
Cartwheel Galaxy	Its outer ring has been spreading for about 440 million years
Cartwheel Galaxy	Its rings spread like ripples from a stone in a pond
Stephan's Quintet	Four of the five are about 290 million light-years away
Stephan's Quintet	The fifth is in the foreground, just 40 million light-years away
Stephan's Quintet	One galaxy is smashing through the group, making shock waves
Stephan's Quintet	A black hole of 24 million Suns feeds in one of them
Antennae Galaxies	Two spirals that began merging a few hundred million years ago
Antennae Galaxies	The nearest and youngest pair of colliding galaxies
Antennae Galaxies	65 million light-years away
Antennae Galaxies	A preview of our own collision with Andromeda
Centaurus A	About 12 million light-years away, in Centaurus
Centaurus A	The most prominent radio galaxy in the sky
Centaurus A	Its black hole weighs about 100 million Suns
Centaurus A	Its dust lane is likely a spiral galaxy being torn apart
Centaurus A	Visible in binoculars from the southern hemisphere
Cigar Galaxy	12 million light-years away, in Ursa Major
Cigar Galaxy	Its core forms stars 10 times faster than the Milky Way
Cigar Galaxy	A "superwind" blasts red plumes of hydrogen out of its disk
Cigar Galaxy	Its star clusters hold up to a million stars each
Arp 273	About 300 million light-years away, in Andromeda
Arp 273	A companion's pull twisted the larger galaxy into a rose
Arp 273	The smaller galaxy probably dived right through the larger
Arp 273	The blue arc is clusters of hot young stars
Rubin's Galaxy	232 million light-years away, in Perseus
Rubin's Galaxy	2.5 times wider than the Milky Way
Rubin's Galaxy	Holds 10 times as many stars as the Milky Way
Rubin's Galaxy	Named after the astronomer Vera Rubin
NGC 1300	About 69 million light-years away
NGC 1300	The textbook barred spiral galaxy
NGC 1300	Its core hides its own tiny spiral, 3,300 light-years long
Large Magellanic Cloud	Only 163,000 light-years away
Large Magellanic Cloud	One of the nearest galaxies to the Milky Way
Large Magellanic Cloud	VISTA's infrared eye sees through its dust
Small Magellanic Cloud	About 200,000 light-years away
Small Magellanic Cloud	A twelfth of the distance to Andromeda
Small Magellanic Cloud	Its stars formed far more recently than in bigger neighbors
The Milky Way's center	About 25,000 light-years from Earth
The Milky Way's center	VISTA cataloged 84 million stars in this region
The Milky Way's center	The full mosaic has nearly nine billion pixels
The Milky Way	Our own galaxy, seen from Chile, the whole sky in one frame
The Milky Way	The full original has 800 million pixels
The Milky Way	Photographed between August 2008 and February 2009
Hubble Ultra Deep Field	About 10,000 galaxies in one image
Hubble Ultra Deep Field	A patch of sky a tenth the width of the full Moon
Hubble Ultra Deep Field	Took 400 Hubble orbits over four months
Hubble Ultra Deep Field	The faintest galaxies sent Hubble one photon a minute
Webb's First Deep Field	This patch is a grain of sand held at arm's length
Webb's First Deep Field	The cluster as it looked 4.6 billion years ago
Webb's First Deep Field	Light from one galaxy here traveled 13.1 billion years
Webb's First Deep Field	The arcs are distant galaxies bent by the cluster's gravity
JADES Deep Field	More than 45,000 galaxies are visible here
JADES Deep Field	The survey has about 32 days of Webb's time
JADES Deep Field	Hundreds of galaxies from the Universe's first 600 million years
Pandora's Cluster	Three galaxy clusters merging into one
Pandora's Cluster	About 3 billion light-years away
Pandora's Cluster	About 50,000 sources of infrared light in this view
Pandora's Cluster	Its gravity magnifies galaxies far behind it
Bullet Cluster	Two massive galaxy clusters, 3.8 billion light-years away
Bullet Cluster	This view spans about 6.3 million light-years
Bullet Cluster	Webb weighed thousands of its galaxies to map dark matter
Perseus Cluster	1,000 of its galaxies, and 100,000 more far behind
Perseus Cluster	About 240 million light-years away
Perseus Cluster	Some of the background light set off 10 billion years ago
Virgo Cluster	About 55 million light-years away
Virgo Cluster	The nearest large galaxy cluster to the Milky Way
Virgo Cluster	About 10 million galaxies in this one image
Virgo Cluster	Built from 1,185 exposures over just seven nights
M87*	55 million light-years away
M87*	6.5 billion times the mass of the Sun
M87*	Its event horizon is almost 40 billion km across
M87*	Imaged by eight radio telescopes spanning the globe
M87*	Sharp enough to read a newspaper in New York from Paris
M87*	Its magnetic spiral reversed between 2017 and 2021
Sagittarius A*	Our galaxy's black hole, 27,000 light-years away
Sagittarius A*	Four million times the mass of the Sun
Sagittarius A*	As big in our sky as a doughnut on the Moon
Sagittarius A*	Gas circles it in minutes; M87* takes days to weeks
Pillars of Creation	Part of the Eagle Nebula, 6,500 light-years away
Pillars of Creation	The pillars are about 5 light-years tall
Pillars of Creation	Stars forming inside are only a few hundred thousand years old
Pillars of Creation	Hubble first photographed them in 1995
Cosmic Cliffs	7,600 light-years away, in Carina
Cosmic Cliffs	The tallest "peaks" are about 7 light-years high
Cosmic Cliffs	The edge of a giant cavity carved by hot young stars
Mystic Mountain	A pillar of gas and dust three light-years tall
Mystic Mountain	Infant stars inside fire jets from its peaks
Mystic Mountain	Part of the Carina Nebula, 7,500 light-years away
Mystic Mountain	Hubble's 20th-anniversary picture
Carina Nebula	7,500 light-years away, in Carina
Carina Nebula	About 260 light-years across
Carina Nebula	A dozen of its stars weigh 50 to 100 Suns
Carina Nebula	Its star Eta Carinae is heading for a supernova
Carina Nebula	Star birth here began three million years ago
Orion Nebula	About 1,350 light-years away, in Orion's sword
Orion Nebula	About 24 light-years across
Orion Nebula	You can see it with your own eyes as a fuzzy patch
Orion Nebula	Hubble counted 3,000 stars in it
Horsehead Nebula	About 1,375 light-years away, in Orion
Horsehead Nebula	Just south of Alnitak, in Orion's Belt
Horsehead Nebula	Has about five million years left before it breaks up
Lagoon Nebula	About 4,000 light-years away, in Sagittarius
Lagoon Nebula	55 light-years wide and 20 light-years tall
Lagoon Nebula	Three times wider in our sky than the full Moon
Lagoon Nebula	Its "twisters" are half a light-year long
Trifid Nebula	About 5,000 light-years away, in Sagittarius
Trifid Nebula	Glowing, reflecting and dark nebula all in one
Trifid Nebula	Dark dust lanes split it in three, hence "Trifid"
Tarantula Nebula	161,000 light-years away, in the Large Magellanic Cloud
Tarantula Nebula	The biggest, brightest star nursery in our Local Group
Tarantula Nebula	Home to the hottest, most massive stars known
Rosette Nebula	Its central stars formed about four million years ago
Rosette Nebula	Their winds are clearing the nebula's central hole
Rosette Nebula	X-rays reveal hundreds of young stars in it
Rho Ophiuchi	Just 390 light-years away
Rho Ophiuchi	About 50 young stars, none much bigger than the Sun
Rho Ophiuchi	The red streaks are jets of hydrogen molecules
NGC 346	In the Small Magellanic Cloud, 210,000 light-years away
NGC 346	Like galaxies 2 to 3 billion years after the Big Bang
NGC 346	Webb sees stars forming as light as a tenth of the Sun
Cosmic Reef	163,000 light-years away, in the Large Magellanic Cloud
Cosmic Reef	The red one is nicknamed the "Brain Coral"
Cosmic Reef	The blue one was shaped by a star 200,000 times brighter than the Sun
Cosmic Reef	Hubble's 30th-anniversary picture
Bubble Nebula	8,000 light-years away, in Cassiopeia
Bubble Nebula	About ten light-years across, and still growing
Bubble Nebula	Blown by a star 10 to 20 times the Sun's mass
Bubble Nebula	Found by William Herschel in 1787
Cat's Paw Nebula	About 4,000 light-years away, in Scorpius
Cat's Paw Nebula	Massive young stars are carving away its gas and dust
Cat's Paw Nebula	Their starlight makes the blue glow
Pismis 24	5,500 light-years away, in Scorpius
Pismis 24	At the heart of the Lobster Nebula
Pismis 24	The tallest spire is about 5.4 light-years long
Pismis 24	200 Solar Systems would fit across the tip of its spire
Herbig–Haro 46/47	1,470 light-years away, in Vela
Herbig–Haro 46/47	A pair of stars still forming
Herbig–Haro 46/47	Their jets have fired for thousands of years
Sharpless 2-106	A few thousand light-years away, toward Cygnus
Sharpless 2-106	Its star weighs about 15 Suns
Sharpless 2-106	It heats the gas to 10,000 °C
Sharpless 2-106	The cloud is about 2 light-years long
Running Chicken Nebula	About 6,500 light-years away, in Centaurus
Running Chicken Nebula	270 light-years wide, edge to edge
Running Chicken Nebula	A chicken would need 21 billion years to run across it
Pleiades	About 445 light-years away, in Taurus
Pleiades	Over a thousand stars, loosely bound by gravity
Pleiades	The Seven Sisters, called Subaru in Japan
Pleiades	The blue haze is starlight scattered by dust
Omega Centauri	17,000 light-years away
Omega Centauri	The biggest, brightest globular cluster in our sky
Omega Centauri	From a dark site it looks almost as big as the full Moon
Omega Centauri	Halley logged it as a nebula in 1677
47 Tucanae	About 15,000 light-years away, in Tucana
47 Tucanae	About 120 light-years across
47 Tucanae	Home to millions of stars
47 Tucanae	Hides millisecond pulsars and "vampire" stars
R136	170,000 light-years away, in the Tarantula Nebula
R136	Nine of its stars weigh over 100 Suns
R136	Its star R136a1 weighs over 250 Suns
R136	Those nine together outshine the Sun 30 million times
Westerlund 2	A cluster of about 3,000 stars
Westerlund 2	20,000 light-years away, in Carina
Westerlund 2	Only about two million years old
NGC 602	About 200,000 light-years away, in the Small Magellanic Cloud
NGC 602	Webb found the first young brown dwarfs outside our galaxy
NGC 602	Its young stars are carving out the surrounding cloud
NGC 3603	About 20,000 light-years away
NGC 3603	Holds about 400,000 Suns' worth of gas
NGC 3603	Found by John Herschel in 1834
