# Deep Space Tour's views, cut by docs/solar-system/prep.py (TOUR=deep) from these originals. Public domain, CC BY or
# CC BY-SA; CC BY and CC BY-SA require this attribution. file	body	credit	licence	source	caption	kind	focus x,y[,zoom]	group
deep-ring-webb.heic	Ring Nebula	ESA/Webb, NASA, CSA, M. Barlow, N. Cox, R. Wesson	CC BY 4.0	https://esawebb.org/images/weic2320b/	Webb, 2023 · infrared	disc	0.48,0.47	Dying stars
deep-southern-ring-webb.heic	Southern Ring Nebula	NASA, ESA, CSA, STScI, and the Webb ERO Production Team	CC BY 4.0	https://esawebb.org/images/weic2207b/	Webb, 2022 · infrared	disc	0.5,0.46	Dying stars
deep-southern-ring-spokes.heic	Southern Ring Nebula	NASA, ESA, CSA, STScI, O. De Marco (Macquarie University), J. DePasquale (STScI)	CC BY 4.0	https://esawebb.org/images/southernring3/	Webb, 2022 · near and mid infrared	disc	0.45,0.48	Dying stars
deep-helix-webb.heic	Helix Nebula	NASA, ESA, CSA, STScI, A. Pagan (STScI)	CC BY 4.0	https://esawebb.org/images/weic2601a/	Its inner rim of comet-like knots · Webb, 2026 · infrared	closeup	0.5,0.5	Dying stars
deep-helix-hubble.heic	Helix Nebula	NASA, NOAO, ESA, the Hubble Helix Nebula Team, M. Meixner (STScI), and T.A. Rector (NRAO)	CC BY 4.0	https://esahubble.org/images/heic0307a/	Hubble and Cerro Tololo, 2003	disc	0.45,0.4	Dying stars
deep-cats-eye.heic	Cat's Eye Nebula	ESA/Hubble & NASA, ESA Euclid/Euclid Consortium/NASA/Q1-2025, J.-C. Cuillandre & E. Bertin (CEA Paris-Saclay), Z. Tsvetanov	CC BY 4.0	https://esahubble.org/images/potm2602c/	Hubble and Euclid, 2026	disc	0.5,0.48,1.6	Dying stars
deep-butterfly.heic	Butterfly Nebula	NASA, ESA and the Hubble SM4 ERO Team	CC BY 4.0	https://esahubble.org/images/heic0910h/	Hubble, 2009 · narrowband colour	disc	0.53,0.46	Dying stars
deep-red-spider.heic	Red Spider Nebula	ESA/Webb, NASA & CSA, J. H. Kastner (Rochester Institute of Technology)	CC BY 4.0	https://esawebb.org/images/potm2510a/	Webb, 2025 · infrared	disc	0.53,0.46	Dying stars
deep-ngc6072.heic	NGC 6072	NASA, ESA, CSA, STScI	CC BY 4.0	https://esawebb.org/images/weic2514a/	A dying star in Scorpius · Webb, 2025 · infrared	closeup	0.5,0.52	Dying stars
deep-cranium.heic	Exposed Cranium Nebula	NASA, ESA, CSA, STScI, image processing: Joseph DePasquale (STScI)	CC BY 4.0	https://esawebb.org/images/weic2605c/	Webb, 2026 · infrared	disc	0.48,0.55	Dying stars
deep-ngc5189.heic	NGC 5189	NASA, ESA and the Hubble Heritage Team (STScI/AURA)	CC BY 4.0	https://esahubble.org/images/heic1220a/	A dying star in Musca · Hubble, 2012 · narrowband colour	disc	0.55,0.47	Dying stars
deep-crab-webb.heic	Crab Nebula	NASA, ESA, CSA, STScI, T. Temim (Princeton University)	CC BY 4.0	https://esawebb.org/images/weic2326a/	Webb, 2023 · infrared	closeup	0.52,0.5	Dying stars
deep-crab-hubble.heic	Crab Nebula	NASA, ESA and Allison Loll/Jeff Hester (Arizona State University). Acknowledgement: Davide De Martin (ESA/Hubble)	CC BY 4.0	https://esahubble.org/images/heic0515a/	Hubble, 2005 · narrowband colour	disc	0.5,0.5	Dying stars
deep-crab-core.heic	Crab Nebula	X-ray: NASA/CXC/SAO; Optical: NASA/STScI; Infrared: NASA-JPL-Caltech	Public domain	https://chandra.si.edu/photo/2018/crab/	The pulsar at its heart · Chandra, Hubble and Spitzer, 2018 · X-ray, visible and infrared	closeup	0.48,0.48	Dying stars
deep-cas-a-webb.heic	Cassiopeia A	NASA, ESA, CSA, STScI, D. Milisavljevic (Purdue University), T. Temim (Princeton University), I. De Looze (University of Gent)	CC BY 4.0	https://esawebb.org/images/weic2330a/	Webb, 2023 · infrared	disc	0.55,0.3	Dying stars
deep-cas-a-chandra.heic	Cassiopeia A	X-ray: NASA/CXC/SAO; Optical: NASA/ESA/STScI; IR: NASA/ESA/CSA/STScI/Milisavljevic et al., NASA/JPL/CalTech; image processing: NASA/CXC/SAO/J. Schmidt and K. Arcand	Public domain	https://chandra.si.edu/photo/2024/casa/	Chandra, Webb, Hubble and Spitzer, 2024 · X-ray, infrared and visible	disc	0.45,0.48	Dying stars
deep-cas-a-hubble.heic	Cassiopeia A	NASA, ESA, and the Hubble Heritage (STScI/AURA)-ESA/Hubble Collaboration. Acknowledgement: Robert A. Fesen (Dartmouth College, USA) and James Long (ESA/Hubble)	CC BY 4.0	https://esahubble.org/images/heic0609a/	Its filaments · Hubble, 2006 · narrowband colour	closeup	0.47,0.3	Dying stars
deep-veil.heic	Veil Nebula	ESA/Hubble & NASA, Z. Levay	CC BY 4.0	https://esahubble.org/images/potw2113a/	Hubble, 2021 · narrowband colour	closeup	0.5,0.5	Dying stars
deep-vela.heic	Vela Supernova Remnant	ESO/VPHAS+ team. Acknowledgement: Cambridge Astronomical Survey Unit	CC BY 4.0	https://www.eso.org/public/images/eso2214a/	ESO VLT Survey Telescope, 2022	closeup	0.5,0.5	Dying stars
deep-vela-bird.heic	Vela Supernova Remnant	ESO/VPHAS+ team. Acknowledgement: CASU	CC BY 4.0	https://www.eso.org/public/images/potw2403a/	ESO VLT Survey Telescope, 2024	closeup	0.5,0.5	Dying stars
deep-pencil.heic	Pencil Nebula	ESO	CC BY 4.0	https://www.eso.org/public/images/eso1236a/	Part of the Vela supernova remnant · ESO, 2012	disc	0.4,0.62	Dying stars
deep-wr124.heic	WR 124	NASA, ESA, CSA, STScI, Webb ERO Production Team	CC BY 4.0	https://esawebb.org/images/weic2307a/	A star shedding its outer layers · Webb, 2023 · infrared	disc	0.52,0.5	Dying stars
deep-v838.heic	V838 Monocerotis	NASA, ESA, and The Hubble Heritage Team (AURA/STScI)	CC BY 4.0	https://esahubble.org/images/heic0503a/	Its light echo · Hubble, 2004	disc	0.52,0.5	Dying stars
deep-tycho.heic	Tycho's Supernova Remnant	NASA/CXC/RIKEN & GSFC/T. Sato et al	Public domain	https://chandra.si.edu/photo/2019/tycho/	Chandra, 2019 · X-ray, coloured by element	disc	0.5,0.5	Dying stars
deep-kepler.heic	Kepler's Supernova Remnant	NASA/CXC/SAO	Public domain	https://chandra.si.edu/photo/2026/kepler/	Chandra, 2026 · X-ray	disc	0.5,0.5	Dying stars
deep-e0102.heic	E0102	X-ray (NASA/CXC/ESO/F.Vogt et al); Optical (ESO/VLT/MUSE & NASA/STScI)	Public domain and CC BY 4.0	https://chandra.si.edu/photo/2018/e0102/	A supernova remnant in the Small Magellanic Cloud · Chandra, VLT and Hubble, 2018 · X-ray and visible	disc	0.5,0.5	Dying stars
deep-andromeda-1.heic	Andromeda Galaxy	NASA, ESA, B. Williams (University of Washington)	CC BY 4.0	https://esahubble.org/images/heic2501a/	Hubble's largest mosaic, 10 years in the making, 2025	closeup	0.5,0.5	Galaxies
deep-andromeda-2.heic	Andromeda Galaxy	NASA, ESA, B. Williams (University of Washington)	CC BY 4.0	https://esahubble.org/images/heic2501a/	Hubble's largest mosaic, 10 years in the making, 2025	closeup	0.5,0.5	Galaxies
deep-andromeda-3.heic	Andromeda Galaxy	NASA, ESA, B. Williams (University of Washington)	CC BY 4.0	https://esahubble.org/images/heic2501a/	Hubble's largest mosaic, 10 years in the making, 2025	closeup	0.5,0.5	Galaxies
deep-whirlpool.heic	Whirlpool Galaxy	NASA, ESA, S. Beckwith (STScI), and The Hubble Heritage Team (STScI/AURA)	CC BY 4.0	https://esahubble.org/images/heic0506a/	Hubble, 2005	disc	0.38,0.48	Galaxies
deep-pinwheel.heic	Pinwheel Galaxy	European Space Agency & NASA; Hubble data: K.D. Kuntz (GSFC), F. Bresolin (University of Hawaii), J. Trauger (JPL), J. Mould (NOAO), Y.-H. Chu (University of Illinois, Urbana); image processing: Davide De Martin (ESA/Hubble); CFHT: Canada-France-Hawaii Telescope/J.-C. Cuillandre/Coelum; NOAO: George Jacoby, Bruce Bohannan, Mark Hanna/NOAO/AURA/NSF	CC BY 4.0	https://esahubble.org/images/heic0602a/	Hubble, CFHT and Kitt Peak, 2006	disc	0.49,0.5	Galaxies
deep-sombrero.heic	Sombrero Galaxy	NASA/ESA and The Hubble Heritage Team (STScI/AURA)	CC BY 4.0	https://esahubble.org/images/opo0328a/	Hubble, 2003	disc	0.5,0.5	Galaxies
deep-sombrero-webb.heic	Sombrero Galaxy	NASA, ESA, CSA, STScI	CC BY 4.0	https://esawebb.org/images/sombrerogalaxy1/	Webb, 2025 · infrared	disc	0.5,0.5	Galaxies
deep-triangulum.heic	Triangulum Galaxy	NASA, ESA, and M. Durbin, J. Dalcanton, and B. F. Williams (University of Washington)	CC BY 4.0	https://esahubble.org/images/heic1901a/	Hubble's 54-field mosaic, 2019	closeup	0.45,0.6	Galaxies
deep-stephans-quintet.heic	Stephan's Quintet	NASA, ESA, CSA, and STScI	CC BY 4.0	https://esawebb.org/images/weic2208a/	Webb, 2022 · infrared	disc	0.5,0.45	Galaxies
deep-cartwheel.heic	Cartwheel Galaxy	NASA, ESA, CSA, STScI	CC BY 4.0	https://esawebb.org/images/weic2211a/	Webb, 2022 · infrared	disc	0.63,0.52	Galaxies
deep-centaurus-a.heic	Centaurus A	ESO	CC BY 4.0	https://www.eso.org/public/images/eso1221a/	ESO, 2012, from more than 50 hours of exposures	disc	0.5,0.52	Galaxies
deep-centaurus-a-hubble.heic	Centaurus A	NASA, ESA, and the Hubble Heritage (STScI/AURA)-ESA/Hubble Collaboration. Acknowledgment: R. O'Connell (University of Virginia) and the WFC3 Scientific Oversight Committee	CC BY 4.0	https://esahubble.org/images/heic1110a/	Its dust lane · Hubble, 2011	closeup	0.5,0.5	Galaxies
deep-cigar.heic	Cigar Galaxy	NASA, ESA and the Hubble Heritage Team (STScI/AURA). Acknowledgment: J. Gallagher (University of Wisconsin), M. Mountain (STScI) and P. Puxley (NSF)	CC BY 4.0	https://esahubble.org/images/heic0604a/	Hubble, 2006	disc	0.45,0.25	Galaxies
deep-antennae.heic	Antennae Galaxies	ESA/Hubble & NASA	CC BY 4.0	https://esahubble.org/images/potw1345a/	Hubble, 2013	closeup	0.58,0.3	Galaxies
deep-arp273.heic	Arp 273	NASA, ESA and the Hubble Heritage Team (STScI/AURA)	CC BY 4.0	https://esahubble.org/images/heic1107a/	Two galaxies pulled into a rose · Hubble, 2011	disc	0.5,0.25	Galaxies
deep-rubins-galaxy.heic	Rubin's Galaxy	NASA, ESA, and B. Holwerda (University of Louisville)	CC BY 4.0	https://esahubble.org/images/heic2002a/	UGC 2885 · Hubble, 2020	disc	0.51,0.55	Galaxies
deep-ngc1300.heic	NGC 1300	NASA, ESA, and The Hubble Heritage Team (STScI/AURA)	CC BY 4.0	https://esahubble.org/images/opo0501a/	A barred spiral · Hubble, 2005	disc	0.49,0.47	Galaxies
deep-lmc.heic	Large Magellanic Cloud	ESO/VMC Survey	CC BY 4.0	https://www.eso.org/public/images/eso1914a/	ESO VISTA, 2019 · infrared	disc	0.35,0.38	Galaxies
deep-smc.heic	Small Magellanic Cloud	ESO/VISTA VMC	CC BY 4.0	https://www.eso.org/public/images/eso1714a/	ESO VISTA, 2017 · infrared	disc	0.5,0.45	Galaxies
deep-milky-way-centre-1.heic	The Milky Way's centre	ESO/VVV Survey/D. Minniti. Acknowledgement: Ignacio Toledo, Martin Kornmesser	CC BY 4.0	https://www.eso.org/public/images/eso1242a/	ESO VISTA, 2012 · infrared	closeup	0.5,0.5	Galaxies
deep-milky-way-centre-2.heic	The Milky Way's centre	ESO/VVV Survey/D. Minniti. Acknowledgement: Ignacio Toledo, Martin Kornmesser	CC BY 4.0	https://www.eso.org/public/images/eso1242a/	ESO VISTA, 2012 · infrared	closeup	0.5,0.5	Galaxies
deep-milky-way.heic	The Milky Way	ESO/S. Brunier	CC BY 4.0	https://www.eso.org/public/images/eso0932a/	The whole sky from Chile, 2009	disc	0.5,0.5	Galaxies
deep-hudf.heic	Hubble Ultra Deep Field	NASA, ESA, and S. Beckwith (STScI) and the HUDF Team	CC BY 4.0	https://esahubble.org/images/heic0406a/	Hubble, 2004	closeup	0.5,0.5	Deep fields
deep-smacs0723.heic	Webb's First Deep Field	NASA, ESA, CSA, and STScI	CC BY 4.0	https://esawebb.org/images/weic2209a/	SMACS 0723 · Webb, 2022 · infrared	closeup	0.52,0.5	Deep fields
deep-jades.heic	JADES Deep Field	NASA, ESA, CSA, B. Robertson (UC Santa Cruz), B. Johnson (Center for Astrophysics, Harvard & Smithsonian), S. Tacchella (University of Cambridge), M. Rieke (Univ. of Arizona), D. Eisenstein (Center for Astrophysics, Harvard & Smithsonian), A. Pagan (STScI)	CC BY 4.0	https://esawebb.org/images/JADES2/	Webb, 2023 · infrared	closeup	0.5,0.5	Deep fields
deep-pandora.heic	Pandora's Cluster	NASA, ESA, CSA, I. Labbe (Swinburne University of Technology), R. Bezanson (University of Pittsburgh), A. Pagan (STScI)	CC BY 4.0	https://esawebb.org/images/weic2305a/	Abell 2744 · Webb, 2023 · infrared	closeup	0.5,0.5	Deep fields
deep-bullet.heic	Bullet Cluster	NASA, ESA, CSA, STScI, J. Jee (Yonsei University, UC Davis), S. Cha (Yonsei University), K. Finner (Caltech/IPAC)	CC BY 4.0	https://esawebb.org/images/bullet-cluster/	Webb, 2025 · infrared	closeup	0.5,0.5	Deep fields
deep-perseus.heic	Perseus Cluster	ESA/Euclid/Euclid Consortium/NASA, image processing by J.-C. Cuillandre (CEA Paris-Saclay), G. Anselmi	CC BY-SA 3.0 IGO	https://www.esa.int/ESA_Multimedia/Images/2023/11/Euclid_s_view_of_the_Perseus_cluster_of_galaxies	Euclid, 2023 · visible and infrared	closeup	0.45,0.72	Deep fields
deep-virgo.heic	Virgo Cluster	NSF–DOE Vera C. Rubin Observatory/NOIRLab/SLAC/AURA	CC BY 4.0	https://noirlab.edu/public/images/noirlab2521a/	The Rubin Observatory's first look, 2025	closeup	0.47,0.34	Deep fields
deep-m87.heic	M87*	EHT Collaboration	CC BY 4.0	https://www.eso.org/public/images/eso1907a/	The first image of a black hole · Event Horizon Telescope, 2019 · radio	disc	0.5,0.5	Black holes
deep-sgr-a.heic	Sagittarius A*	EHT Collaboration	CC BY 4.0	https://www.eso.org/public/images/eso2208-eht-mwa/	The black hole at the centre of our galaxy · Event Horizon Telescope, 2022 · radio	disc	0.5,0.5	Black holes
deep-pillars-webb.heic	Pillars of Creation	NASA, ESA, CSA, STScI; J. DePasquale, A. Koekemoer, A. Pagan (STScI)	CC BY 4.0	https://esawebb.org/images/weic2216b/	In the Eagle Nebula · Webb, 2022 · infrared	closeup	0.7,0.22	Nebulae
deep-pillars-hubble.heic	Pillars of Creation	NASA, ESA/Hubble and the Hubble Heritage Team	CC BY 4.0	https://esahubble.org/images/heic1501a/	In the Eagle Nebula · Hubble, 2015 · narrowband colour	closeup	0.38,0.17	Nebulae
deep-cosmic-cliffs.heic	Cosmic Cliffs	NASA, ESA, CSA, and STScI	CC BY 4.0	https://esawebb.org/images/weic2205a/	NGC 3324, in the Carina Nebula · Webb, 2022 · infrared	closeup	0.5,0.45	Nebulae
deep-mystic-mountain.heic	Mystic Mountain	NASA, ESA and M. Livio and the Hubble 20th Anniversary Team (STScI)	CC BY 4.0	https://esahubble.org/images/heic1007c/	In the Carina Nebula · Hubble, 2010 · narrowband colour	closeup	0.5,0.3	Nebulae
deep-carina-hubble.heic	Carina Nebula	NASA, ESA, N. Smith (University of California, Berkeley), and The Hubble Heritage Team (STScI/AURA)	CC BY 4.0	https://esahubble.org/images/heic0707a/	Hubble and Cerro Tololo, 2007 · narrowband colour	closeup	0.25,0.45	Nebulae
deep-carina-treasure.heic	Carina Nebula	ESA/Webb, NASA & CSA, M. Reiter	CC BY 4.0	https://esawebb.org/images/potm2607a/	The 'Treasure Chest' cluster · Webb, 2026 · infrared	closeup	0.42,0.38	Nebulae
deep-carina-vst.heic	Carina Nebula	ESO. Acknowledgement: VPHAS+ Consortium/Cambridge Astronomical Survey Unit	CC BY 4.0	https://www.eso.org/public/images/eso1250a/	ESO VLT Survey Telescope, 2012	disc	0.5,0.3	Nebulae
deep-orion-hubble.heic	Orion Nebula	NASA, ESA, M. Robberto (Space Telescope Science Institute/ESA) and the Hubble Space Telescope Orion Treasury Project Team	CC BY 4.0	https://esahubble.org/images/heic0601a/	Hubble's mosaic, 2006	disc	0.45,0.42	Nebulae
deep-orion-hawki.heic	Orion Nebula	ESO/H. Drass et al.	CC BY 4.0	https://www.eso.org/public/images/eso1625a/	ESO Very Large Telescope, 2016 · infrared	closeup	0.6,0.45	Nebulae
deep-horsehead-euclid.heic	Horsehead Nebula	ESA/Euclid/Euclid Consortium/NASA, image processing by J.-C. Cuillandre (CEA Paris-Saclay), G. Anselmi	CC BY-SA 3.0 IGO	https://www.esa.int/ESA_Multimedia/Images/2023/11/Euclid_s_view_of_the_Horsehead_Nebula	Euclid, 2023 · visible and infrared	disc	0.4,0.64	Nebulae
deep-horsehead-webb.heic	Horsehead Nebula	ESA/Webb, NASA, CSA, K. Misselt (University of Arizona) and A. Abergel (IAS/University Paris-Saclay, CNRS)	CC BY 4.0	https://esawebb.org/images/weic2411a/	Its mane · Webb, 2024 · infrared	closeup	0.5,0.5,1.1	Nebulae
deep-lagoon-hubble.heic	Lagoon Nebula	NASA, ESA, STScI	CC BY 4.0	https://esahubble.org/images/heic1808a/	Its heart · Hubble, 2018	closeup	0.42,0.45	Nebulae
deep-lagoon-eso.heic	Lagoon Nebula	ESO	CC BY 4.0	https://www.eso.org/public/images/eso0936a/	ESO, 2009	disc	0.5,0.55	Nebulae
deep-trifid.heic	Trifid Nebula	NSF–DOE Vera C. Rubin Observatory/NOIRLab/SLAC/AURA	CC BY 4.0	https://noirlab.edu/public/images/noirlab2521ah/	The Rubin Observatory's first look, 2025	disc	0.5,0.52	Nebulae
deep-tarantula.heic	Tarantula Nebula	NASA, ESA, CSA, and STScI	CC BY 4.0	https://esawebb.org/images/weic2212a/	In the Large Magellanic Cloud · Webb, 2022 · infrared	closeup	0.57,0.55	Nebulae
deep-rosette.heic	Rosette Nebula	CTIO/NOIRLab/DOE/NSF/AURA. Image processing: T.A. Rector (University of Alaska Anchorage/NSF NOIRLab), D. de Martin & M. Zamani (NSF NOIRLab)	CC BY 4.0	https://noirlab.edu/public/images/noirlab2424a/	Dark Energy Camera, 2024 · narrowband colour	disc	0.65,0.3	Nebulae
deep-rho-ophiuchi.heic	Rho Ophiuchi	NASA, ESA, CSA, STScI, K. Pontoppidan (STScI), A. Pagan (STScI)	CC BY 4.0	https://esawebb.org/images/weic2316a/	The nearest star nursery · Webb, 2023 · infrared	closeup	0.6,0.12	Nebulae
deep-ngc346.heic	NGC 346	NASA, ESA, CSA, STScI, A. Pagan (STScI)	CC BY 4.0	https://esawebb.org/images/weic2301a/	A star nursery in the Small Magellanic Cloud · Webb, 2023 · infrared	disc	0.5,0.45	Nebulae
deep-cosmic-reef.heic	Cosmic Reef	NASA, ESA, and STScI	CC BY 4.0	https://esahubble.org/images/heic2007a/	NGC 2014 and NGC 2020 · Hubble, 2020	disc	0.45,0.45	Nebulae
deep-bubble.heic	Bubble Nebula	NASA, ESA, Hubble Heritage Team	CC BY 4.0	https://esahubble.org/images/heic1608a/	Hubble, 2016 · narrowband colour	disc	0.45,0.45	Nebulae
deep-cats-paw.heic	Cat's Paw Nebula	NASA, ESA, CSA, STScI	CC BY 4.0	https://esawebb.org/images/weic2513a/	Webb, 2025 · infrared	closeup	0.57,0.33	Nebulae
deep-pismis24.heic	Pismis 24	NASA, ESA, CSA, and STScI, A. Pagan (STScI)	CC BY 4.0	https://esawebb.org/images/weic2518a/	In the Lobster Nebula · Webb, 2025 · infrared	closeup	0.58,0.6	Nebulae
deep-hh46.heic	Herbig–Haro 46/47	NASA, ESA, CSA, J. DePasquale (STScI)	CC BY 4.0	https://esawebb.org/images/weic2319a/	Jets from two newborn stars · Webb, 2023 · infrared	disc	0.5,0.48	Nebulae
deep-s106.heic	Sharpless 2-106	NASA, ESA, the Hubble Heritage Team (STScI/AURA) and NAOJ	CC BY 4.0	https://esahubble.org/images/heic1118b/	Hubble and Subaru, 2011 · infrared and hydrogen light	disc	0.52,0.45	Nebulae
deep-running-chicken.heic	Running Chicken Nebula	ESO/VPHAS+ team. Acknowledgement: CASU	CC BY 4.0	https://www.eso.org/public/images/eso2320a/	ESO VLT Survey Telescope, 2023	disc	0.47,0.42	Nebulae
deep-pleiades.heic	Pleiades	NOIRLab/NSF/AURA/T.A. Rector (University of Alaska Anchorage), R. Cool (University of Arizona) and WIYN	CC BY 4.0	https://noirlab.edu/public/images/noao-m45/	The Seven Sisters · Kitt Peak	disc	0.35,0.5,1.15	Star clusters
deep-omega-centauri.heic	Omega Centauri	ESO/INAF-VST/OmegaCAM. Acknowledgement: A. Grado, L. Limatola/INAF-Capodimonte Observatory	CC BY 4.0	https://www.eso.org/public/images/eso1119b/	ESO VLT Survey Telescope, 2011	disc	0.5,0.5	Star clusters
deep-omega-centauri-core.heic	Omega Centauri	NASA, ESA and the Hubble Heritage Team (STScI/AURA). Acknowledgement: A. Cool (San Francisco State Univ.) and J. Anderson (STScI)	CC BY 4.0	https://esahubble.org/images/heic0809a/	Its crowded core · Hubble, 2008	closeup	0.5,0.5	Star clusters
deep-47tuc.heic	47 Tucanae	ESO/M.-R. Cioni/VISTA Magellanic Cloud survey. Acknowledgment: Cambridge Astronomical Survey Unit	CC BY 4.0	https://www.eso.org/public/images/eso1302a/	ESO VISTA, 2013 · infrared	disc	0.5,0.5	Star clusters
deep-r136.heic	R136	NASA, ESA, P Crowther (University of Sheffield)	CC BY 4.0	https://esahubble.org/images/heic1605a/	In the Tarantula Nebula · Hubble, 2016	closeup	0.57,0.72	Star clusters
deep-westerlund2.heic	Westerlund 2	NASA, ESA, the Hubble Heritage Team (STScI/AURA), A. Nota (ESA/STScI), and the Westerlund 2 Science Team	CC BY 4.0	https://esahubble.org/images/heic1509a/	Hubble's 25th-anniversary picture, 2015	closeup	0.58,0.38	Star clusters
deep-ngc602.heic	NGC 602	ESA/Webb, NASA & CSA, P. Zeidler, E. Sabbi, A. Nota, M. Zamani (ESA/Webb)	CC BY 4.0	https://esawebb.org/images/weic2425a/	At the edge of the Small Magellanic Cloud · Webb, 2024 · infrared	disc	0.4,0.45	Star clusters
deep-ngc3603.heic	NGC 3603	NASA, ESA and the Hubble Heritage (STScI/AURA)-ESA/Hubble Collaboration	CC BY 4.0	https://esahubble.org/images/heic0715a/	Hubble, 2007	closeup	0.5,0.5,1.05	Star clusters
deep-m87-2018.heic	M87*	EHT Collaboration	CC BY 4.0	https://perimeterinstitute.ca/news/m87-one-year-later-proof-persistent-black-hole-shadow	A year later, from 2018 data · Event Horizon Telescope, 2024 · radio	disc	0.5,0.5	Black holes
deep-m87-polarised-2017.heic	M87*	EHT Collaboration	CC BY 4.0	https://www.eso.org/public/images/eso2105a/	In polarised light, 2017 · Event Horizon Telescope · radio	disc	0.5,0.5	Black holes
deep-m87-polarised-2018.heic	M87*	EHT Collaboration	CC BY 4.0	https://www.cfa.harvard.edu/news/new-eht-images-reveal-unexpected-polarization-flips-m87	In polarised light, 2018 · Event Horizon Telescope · radio	disc	0.5,0.5	Black holes
deep-m87-polarised-2021.heic	M87*	EHT Collaboration	CC BY 4.0	https://www.cfa.harvard.edu/news/new-eht-images-reveal-unexpected-polarization-flips-m87	In polarised light, 2021, its field now spiralling the other way · Event Horizon Telescope · radio	disc	0.5,0.5	Black holes
deep-sgr-a-polarised.heic	Sagittarius A*	EHT Collaboration	CC BY 4.0	https://www.eso.org/public/images/eso2406a/	In polarised light · Event Horizon Telescope, 2024 · radio	disc	0.5,0.5	Black holes
