# Photos in the Fish Tank's shallow reef, cut out from these originals. Public domain, CC0 or CC BY; CC BY
# requires this attribution. file	subject	author	licence	source
lagoon-blacktip-1.heic	Carcharhinus melanopterus (blacktip reef shark) (cut out, resized, colour cast reduced)	Matt Muir	CC BY	https://www.inaturalist.org/photos/393541193
lagoon-blacktip-2.heic	Carcharhinus melanopterus (blacktip reef shark) (cut out, resized, flipped to face right, colour cast reduced) (mirrored to face right)	Matt Muir	CC BY	https://www.inaturalist.org/photos/390498484
lagoon-blacktip-3.heic	Carcharhinus melanopterus (blacktip reef shark) (cut out, resized, flipped to face right, colour cast reduced)	Rachel Crane	CC BY	https://www.inaturalist.org/photos/407532622
lagoon-nurse-1.heic	Ginglymostoma cirratum (nurse shark, resting on sand) (cut out, resized, colour cast reduced)	Gonzalo Romero	CC BY	https://www.inaturalist.org/photos/465830703
lagoon-nurse-2.heic	Ginglymostoma cirratum (nurse shark, resting under a ledge) (cut out, resized, flipped to face right, colour cast reduced)	Florida Keys National Marine Sanctuary staff (NOAA)	Public domain	https://commons.wikimedia.org/wiki/File:Ammenhai_unter_Riff.jpg
lagoon-epaulette-1.heic	Hemiscyllium ocellatum (epaulette shark) (cut out, resized, flipped to face right, colour cast reduced)	Daniel Eisenhauer	CC BY	https://www.inaturalist.org/photos/578761372
lagoon-epaulette-2.heic	Hemiscyllium ocellatum (epaulette shark) (cut out, resized, colour cast reduced)	Thomas Mesaglio	CC BY	https://www.inaturalist.org/photos/60575133
lagoon-ray-1.heic	Taeniura lymma (blue-spotted ribbontail ray) (cut out, resized, colour cast reduced)	anonymous iNaturalist user (CC0)	CC0	https://www.inaturalist.org/photos/148794953
lagoon-ray-2.heic	Taeniura lymma (blue-spotted ribbontail ray) (cut out, resized, flipped to face right, colour cast reduced)	Dirk Froebel	CC BY	https://www.inaturalist.org/photos/292270873
lagoon-baitfish-1.heic	Herklotsichthys quadrimaculatus (goldspot herring, baitfish) (cut out, resized, flipped to face right, colour cast reduced)	anonymous iNaturalist user (CC0)	CC0	https://www.inaturalist.org/photos/522242871
lagoon-baitfish-2.heic	Herklotsichthys quadrimaculatus (goldspot herring, baitfish) (cut out, resized, flipped to face right, straightened, colour cast reduced)	anonymous iNaturalist user (CC0)	CC0	https://www.inaturalist.org/photos/522242918
lagoon-baitfish-3.heic	Encrasicholina sp. (anchovy, baitfish) (cut out, resized, flipped to face right, colour cast reduced)	Pranav Chandra Bose	CC BY	https://www.inaturalist.org/photos/458100656
lagoon-sergeant-1.heic	Abudefduf vaigiensis (Indo-Pacific sergeant) (cut out, resized, flipped to face right, colour cast reduced)	ajott	CC BY	https://www.inaturalist.org/photos/103431441
lagoon-sergeant-2.heic	Abudefduf vaigiensis (Indo-Pacific sergeant) (cut out, resized, flipped to face right, colour cast reduced)	portioid	CC BY	https://www.inaturalist.org/photos/323527412
lagoon-parrotfish-1.heic	Chlorurus spilurus (bullethead parrotfish) (cut out, resized, flipped to face right, colour cast reduced)	anonymous iNaturalist user (CC0)	CC0	https://www.inaturalist.org/photos/562132140
lagoon-parrotfish-2.heic	Chlorurus spilurus (bullethead parrotfish) (cut out, resized, flipped to face right, colour cast reduced, contrast lifted)	anonymous iNaturalist user (CC0)	CC0	https://www.inaturalist.org/photos/562136327
lagoon-butterflyfish-1.heic	Chaetodon auriga (threadfin butterflyfish) (cut out, resized, flipped to face right, colour cast reduced)	Geoff Shuetrim	CC BY	https://www.inaturalist.org/photos/13357624
lagoon-butterflyfish-2.heic	Chaetodon lunula (raccoon butterflyfish) (cut out, resized, flipped to face right, colour cast reduced)	cello caruso-turiello	CC BY	https://www.inaturalist.org/photos/342866342
lagoon-porites-1.heic	Porites sp. bommie (massive coral head on sand) (cut out, resized)	Cricket Raspet	CC BY	https://www.inaturalist.org/photos/686928498
lagoon-porites-2.heic	Porites sp. head (cut out, resized)	Robin White	CC BY	https://www.inaturalist.org/photos/688125069
lagoon-porites-3.heic	Porites sp. head (cut out, resized)	Robin White	CC BY	https://www.inaturalist.org/photos/688125393
lagoon-pocillopora-1.heic	Pocillopora sp. (cauliflower coral, pink) (cut out, resized)	Zara	CC BY	https://www.inaturalist.org/photos/345478864
lagoon-pocillopora-2.heic	Pocillopora sp. clump on sand (cut out, resized)	Robin White	CC BY	https://www.inaturalist.org/photos/471136988
lagoon-acrotable-1.heic	Acropora table coral in the shallows (cut out, resized)	Debra Baker	CC BY	https://www.inaturalist.org/photos/232799223
