# Photos in the Fish Tank's Ocean Voyager, cut out from these originals. Public domain, CC0 or CC BY; CC BY
# requires this attribution. file	subject	author	licence	source
ocean-whaleshark-1.heic	Rhincodon typus (whale shark), profile (mirrored)	Daniel Benák	CC BY	https://www.inaturalist.org/photos/229381797
ocean-whaleshark-2.heic	Rhincodon typus (whale shark) at Georgia Aquarium, profile (blue aquarium light removed, kept as toned luminance)	Vulturesong	CC0	https://commons.wikimedia.org/wiki/File:Georgia_Aquarium_in_Atlanta_-_HCP_-_September_17,_2022_-_328.jpg
ocean-whaleshark-3.heic	Rhincodon typus (whale shark), three-quarter, mouth open (mirrored)	Daniel Benák	CC BY	https://www.inaturalist.org/photos/229381802
ocean-whaleshark-4.heic	Rhincodon typus (whale shark), profile from above (mirrored, colour cast reduced)	Rachel Crane	CC BY 4.0	https://commons.wikimedia.org/wiki/File:Rhincodon_typus_328869977.jpg
ocean-manta-1.heic	Mobula alfredi (reef manta), side	anonymous iNaturalist user (CC0)	CC0	https://www.inaturalist.org/photos/221919489
ocean-manta-2.heic	Mobula alfredi (reef manta), three-quarter from below	anonymous iNaturalist user (CC0)	CC0	https://www.inaturalist.org/photos/221919504
ocean-manta-3.heic	Mobula alfredi (reef manta), head on	Jeremy Jones	CC BY	https://www.inaturalist.org/photos/452166649
ocean-manta-4.heic	Mobula birostris (oceanic manta), edge on (mirrored, colour cast reduced)	Alicia Christman	CC BY	https://www.inaturalist.org/photos/459064553
ocean-trevally-1.heic	Gnathanodon speciosus (golden trevally), adult (mirrored)	Debra Baker	CC BY	https://www.inaturalist.org/photos/408412855
ocean-trevally-2.heic	Gnathanodon speciosus (golden trevally), adult (mirrored)	Hayley P	CC BY	https://www.inaturalist.org/photos/518599831
ocean-trevally-3.heic	Gnathanodon speciosus (golden trevally), adult (mirrored)	keesgroenendijk	CC BY 4.0	https://commons.wikimedia.org/wiki/File:Gnathanodon_speciosus_53257487.jpg
ocean-trevally-4.heic	Gnathanodon speciosus (golden trevally), juvenile (mirrored)	desertnaturalist	CC BY 4.0	https://commons.wikimedia.org/wiki/File:Gnathanodon_speciosus_32301208.jpg
ocean-sandbar-1.heic	Carcharhinus plumbeus (sandbar shark) at Georgia Aquarium, side (blue aquarium light removed, kept as toned luminance)	Vulturesong	CC0	https://commons.wikimedia.org/wiki/File:Georgia_Aquarium_in_Atlanta_-_HCP_-_September_17,_2022_-_255.jpg
ocean-zebra-1.heic	Stegostoma tigrinum (zebra shark), resting, head on	Sigmund from Norway	CC BY 2.0	https://commons.wikimedia.org/wiki/File:Stegostoma_fasciatum_thailand.jpg
ocean-zebra-2.heic	Stegostoma tigrinum (zebra shark), swimming side (mirrored)	(c) Tony Tong, some rights reserved (CC BY)	CC BY 4.0	https://commons.wikimedia.org/wiki/File:Zebra_Shark,_Celebes_Sea,_Sabah,_MY_imported_from_iNaturalist_photo_387106286.jpg
ocean-guitarfish-1.heic	Rhina ancylostoma (bowmouth guitarfish) at Georgia Aquarium, side (blue aquarium light removed, kept as toned luminance)	Vulturesong	CC0	https://commons.wikimedia.org/wiki/File:Georgia_Aquarium_in_Atlanta_-_HCP_-_September_17,_2022_-_261.jpg
ocean-cownose-1.heic	Rhinoptera bonasus (cownose ray), side, wings level (colour cast reduced)	Todd Poling from Orient, usa	CC BY 2.0	https://commons.wikimedia.org/wiki/File:Rhinoptera_bonasus_columbus.jpg
ocean-cownose-2.heic	Rhinoptera bonasus (cownose ray), front three-quarter from below, wings up (mirrored, colour cast reduced)	Ed Schipul	CC BY 2.0	https://commons.wikimedia.org/wiki/File:Rhinoptera_bonasus_houston_aquarium.jpg
ocean-cownose-3.heic	Rhinoptera bonasus (cownose ray), three-quarter from above, wings down (colour cast reduced)	Ryan Bodenstein	CC BY 2.0	https://commons.wikimedia.org/wiki/File:Sea_Life_Busan_Aquarium_07.jpg
