# Rain on Glass backdrops, each baked into near, far and haze views (docs/rain-on-glass.md). CC0, public domain or
# CC BY; CC BY requires this attribution. look	subject	author	licence	source
rain-hamburg-night	Hamburg Rathausmarkt at night	Greg Zaal, Poly Haven	CC0	https://polyhaven.com/a/rathaus
rain-hamburg-day	Hamburg canal	Greg Zaal, Poly Haven	CC0	https://polyhaven.com/a/hamburg_canal
rain-riomaggiore-night	Riomaggiore square at night	Greg Zaal and Rico Cilliers, Poly Haven	CC0	https://polyhaven.com/a/vignaioli_night
rain-riomaggiore-day	Riomaggiore harbour	Greg Zaal and Rico Cilliers, Poly Haven	CC0	https://polyhaven.com/a/vignaioli
rain-japan-night	A yokochō alley in Tokyo	Douglas Paul Perkins	CC BY 3.0	https://commons.wikimedia.org/wiki/File:Yokocho.jpg
rain-japan-day	Hanamikoji, Gion, Kyoto	mariemon	CC BY 3.0	https://commons.wikimedia.org/wiki/File:Gion6550.JPG
rain-forest-night	Woods at dusk	Greg Zaal, Poly Haven	CC0	https://polyhaven.com/a/pond_bridge_night
rain-forest-day	Misty pines	Greg Zaal, Poly Haven	CC0	https://polyhaven.com/a/misty_pines
rain-countryside-night	Fields in fog at night	Greg Zaal, Poly Haven	CC0	https://polyhaven.com/a/kloppenheim_04
rain-countryside-day	A farm road in fog	Alexander Scholten, Poly Haven	CC0	https://polyhaven.com/a/misty_farm_road
rain-winter-night	Blaubeuren church square	Andreas Mischok, Poly Haven	CC0	https://polyhaven.com/a/blaubeuren_church_square
rain-winter-day	A snowy park	Oliksiy Yakovlyev, Poly Haven	CC0	https://polyhaven.com/a/snowy_park_01
rain-lake-night	Lake McDonald at dusk	Glacier National Park (NPS)	Public domain	https://commons.wikimedia.org/wiki/File:Lake_McDonald_and_the_Sprague_Fire_at_Dusk_(51360828957).jpg
rain-lake-day	Lake McDonald	Glacier National Park (NPS)	Public domain	https://commons.wikimedia.org/wiki/File:Lake_McDonald_(5387250181).jpg
rain-tropics-night	Tropical city streets at night	epSos.de	CC BY 2.0	https://commons.wikimedia.org/wiki/File:Tropical_City_Streets_at_Night.jpg
rain-tropics-day	Cheow Lan Lake, Khao Sok	Vyacheslav Argenberg	CC BY 4.0	https://commons.wikimedia.org/wiki/File:Cheow_Lan_Lake,_Rainforest,_Khao_Sok,_Thailand.jpg
rain-cabin-night	A cabin at night	USFWS Alaska	Public domain	https://commons.wikimedia.org/wiki/File:Cozy_cabin_at_night_(51080375076).jpg
rain-shanghai-night	The Bund, Shanghai	Greg Zaal, Poly Haven	CC0	https://polyhaven.com/a/shanghai_bund
