# Facts under Solar System's captions, two at a time, shuffled per world. body	fact
# Figures from NASA's planetary and satellite fact sheets (nssdc.gsfc.nasa.gov/planetary/factsheet, 2025) and
# NASA mission pages. Distances in km, temperatures in °C.
The Sun	1,392,700 km across, as wide as 109 Earths
The Sun	Holds 99.8% of the solar system's mass
The Sun	Its light takes 8 minutes 20 seconds to reach Earth
The Sun	About 5,500 °C at the surface and 15 million °C at the core
The Sun	About 4.6 billion years old, halfway through its life
The Sun	Turns once in about 25 days at its equator and 35 near its poles
The Sun	1.3 million Earths would fit inside it
The Sun	Every second it turns 4 million tonnes of matter into energy
Mercury	4,879 km across, the smallest planet
Mercury	A year lasts 88 Earth days
Mercury	From one sunrise to the next takes 176 Earth days
Mercury	430 °C by day and −180 °C at night
Mercury	Tilted just 0.03°, so ice survives in craters the Sun never reaches
Mercury	The Caloris basin is 1,550 km wide
Venus	12,104 km across, almost Earth's twin in size
Venus	The hottest planet: 464 °C at the surface
Venus	A day lasts 243 Earth days, longer than its 225-day year
Venus	Spins backwards, so the Sun rises in the west
Venus	The air at the surface presses 92 times as hard as Earth's
Venus	Its clouds are sulfuric acid
Venus	After the Moon, the brightest thing in the night sky
Earth	12,756 km across at the equator
Earth	Tilted 23.4°, which gives it seasons
Earth	71% of its surface is ocean
Earth	Races around the Sun at 29.8 km a second
Earth	The only world known to have life
Earth	A year lasts 365.25 days
Earth	The densest planet, 5.5 times as dense as water
Earth	The space station circles it about every 90 minutes
The Moon	3,475 km across, about a quarter as wide as Earth
The Moon	384,400 km away on average
The Moon	Drifting away from Earth by 3.8 cm a year
The Moon	Always keeps the same face toward Earth
The Moon	Twelve people walked on it between 1969 and 1972
The Moon	Its gravity is a sixth of Earth's
The Moon	Circles Earth every 27.3 days
The Moon	Its light takes 1.3 seconds to reach Earth
Mars	6,792 km across, about half as wide as Earth
Mars	A day lasts about 24 hours 40 minutes
Mars	A year lasts 687 Earth days
Mars	Tilted 25.2°, so it has seasons like Earth's
Mars	Olympus Mons is 22 km tall, two and a half times Everest
Mars	Valles Marineris runs 4,000 km and is up to 7 km deep
Mars	Its gravity is 38% of Earth's
Mars	Its air is less than 1% as thick as Earth's
Mars	Red from rust: iron oxide in its dust
Mars	Its dust storms can cover the whole planet
Phobos	27 km long
Phobos	Circles Mars three times a day
Phobos	Creeping 1.8 m closer to Mars every century
Phobos	Its crater Stickney is 9 km wide, a third of the moon
Phobos	In about 50 million years it will hit Mars or break into a ring
Ceres	940 km across, the largest world in the asteroid belt
Ceres	Holds a quarter of the asteroid belt's mass
Ceres	A day lasts 9 hours
Ceres	A year lasts 4.6 Earth years
Ceres	Occator's bright spots are salt left by briny water
Ceres	The first dwarf planet a spacecraft visited, in 2015
Bennu	About 500 m across
Bennu	Spins once every 4.3 hours
Bennu	OSIRIS-REx brought 121.6 grams of it to Earth in 2023
Bennu	A loose pile of rubble: the spacecraft sank in as if into a ball pit
Ryugu	About 900 m across, shaped like a spinning top
Ryugu	Spins once every 7.6 hours
Ryugu	Hayabusa2 brought 5.4 grams of it to Earth in 2020
Ryugu	Darker than coal: it reflects less than 5% of the light
Lutetia	121 km long
Lutetia	Rosetta flew past it in 2010, 3,162 km away
Lutetia	Spins once every 8.2 hours
Jupiter	142,984 km across, 11 Earths wide
Jupiter	A day lasts 9 hours 56 minutes, the shortest of any planet
Jupiter	A year lasts 11.9 Earth years
Jupiter	Twice as massive as all the other planets together
Jupiter	1,300 Earths would fit inside it
Jupiter	The Great Red Spot is a storm wider than Earth
Jupiter	Galileo found its four big moons in 1610
Jupiter	Tilted just 3.1°, so it has almost no seasons
Jupiter	Its clouds are ammonia and water
Jupiter	Its magnetic field is the strongest of any planet
Io	3,643 km across, a little bigger than our Moon
Io	The most volcanic world known, with some 400 active volcanoes
Io	Circles Jupiter every 42 hours
Io	Its volcanic plumes rise up to 400 km
Io	Tides from Jupiter heave its ground up and down by 100 m
Europa	3,122 km across, a little smaller than our Moon
Europa	Its hidden ocean may hold twice as much water as Earth's
Europa	Circles Jupiter every 3.6 days
Europa	Its ice shell is 15 to 25 km thick
Europa	One of the smoothest worlds, with hardly any craters
Ganymede	5,262 km across, the largest moon in the solar system
Ganymede	Bigger than the planet Mercury
Ganymede	The only moon with its own magnetic field
Ganymede	Circles Jupiter every 7.2 days
Ganymede	Hides a salty ocean under its ice
Callisto	4,821 km across, almost as wide as Mercury
Callisto	The most heavily cratered world known
Callisto	Circles Jupiter every 16.7 days
Callisto	Far enough out to escape most of Jupiter's radiation
Saturn	120,536 km across at the equator, 9 Earths wide
Saturn	Less dense than water: it would float
Saturn	A day lasts about 10½ hours
Saturn	A year lasts 29.4 Earth years
Saturn	Its main rings span 270,000 km but are mostly about 10 m thick
Saturn	Has more known moons than any other planet
Saturn	Tilted 26.7°, so each season lasts more than seven years
Saturn	Winds at its equator blow at 1,800 km/h
Saturn	A six-sided jet stream circles its north pole
Saturn	Cassini circled it for 13 years, from 2004 to 2017
Mimas	396 km across
Mimas	The crater Herschel is 139 km wide, a third of the moon
Mimas	Circles Saturn every 22.6 hours
Mimas	An ocean was found under its ice in 2024
Enceladus	504 km across
Enceladus	Reflects almost all the light that hits it, more than any other world
Enceladus	Geysers at its south pole spray its hidden ocean into space
Enceladus	Its geysers feed Saturn's E ring
Enceladus	Circles Saturn every 33 hours
Tethys	1,062 km across
Tethys	Almost pure water ice, and less dense than water
Tethys	The crater Odysseus is 445 km wide
Tethys	The canyon Ithaca Chasma runs 2,000 km
Tethys	Circles Saturn every 45 hours
Dione	1,123 km across
Dione	Shares its orbit with two tiny moons, Helene and Polydeuces
Dione	Its bright streaks are ice cliffs hundreds of metres high
Dione	Circles Saturn every 2.7 days
Rhea	1,527 km across, Saturn's second-largest moon
Rhea	Circles Saturn every 4.5 days
Rhea	Mostly water ice around a small rocky core
Rhea	−174 °C in sunlight and −220 °C in shadow
Titan	5,150 km across, bigger than the planet Mercury
Titan	Its air presses 1.5 times as hard as Earth's
Titan	Has lakes and seas of liquid methane
Titan	Huygens landed there in 2005, the farthest landing ever
Titan	−179 °C at the surface
Titan	Circles Saturn every 16 days
Titan	It rains methane
Titan	Dragonfly is due to fly through its air in the 2030s
Hyperion	360 km long
Hyperion	So porous it's about 40% empty space
Hyperion	Tumbles chaotically, with no steady spin
Hyperion	Circles Saturn every 21 days
Iapetus	1,469 km across
Iapetus	One side is dark as coal, the other bright as snow
Iapetus	A ridge up to 20 km high runs around its equator
Iapetus	Circles Saturn every 79 days
Phoebe	213 km across
Phoebe	Orbits backwards, probably captured from the outer solar system
Phoebe	Circles Saturn every 550 days
Phoebe	Its dust makes Saturn's largest ring, found in 2009
Pan	About 35 km across
Pan	Sweeps the 325 km Encke gap in Saturn's rings clear
Pan	Circles Saturn every 13.8 hours
Pan	Its ridge is ring material piled up around its waist
Daphnis	About 8 km across
Daphnis	Raises waves up to 1.5 km tall on the edges of the Keeler gap
Daphnis	Circles Saturn every 14.3 hours
Atlas	About 40 km long
Atlas	Circles Saturn just outside the A ring, every 14.4 hours
Atlas	Shaped like a flying saucer by ring dust piled at its equator
Helene	About 40 km long
Helene	Rides 60° ahead of Dione in the same orbit
Helene	Circles Saturn every 2.7 days
Uranus	51,118 km across, 4 Earths wide
Uranus	Tipped on its side: tilted 97.8°
Uranus	A year lasts 84 Earth years
Uranus	Each pole gets 42 years of sunlight, then 42 of darkness
Uranus	A day lasts 17 hours 14 minutes, spinning backwards
Uranus	The coldest planet: its air reaches −224 °C
Uranus	Its moons are named for characters of Shakespeare and Pope
Uranus	Voyager 2 is the only spacecraft to have visited, in 1986
Uranus	The first planet found by telescope, by William Herschel in 1781
Miranda	472 km across
Miranda	Verona Rupes, about 20 km high, may be the tallest cliff in the solar system
Miranda	Circles Uranus every 34 hours
Miranda	Looks patched together from different pieces
Ariel	1,158 km across
Ariel	The brightest of Uranus's moons
Ariel	Circles Uranus every 2.5 days
Umbriel	1,169 km across
Umbriel	The darkest of Uranus's large moons
Umbriel	The crater Wunda, 131 km wide, holds a bright ring
Umbriel	Circles Uranus every 4.1 days
Titania	1,578 km across, Uranus's largest moon
Titania	Circles Uranus every 8.7 days
Titania	Named for the fairy queen of A Midsummer Night's Dream
Oberon	1,523 km across
Oberon	The outermost of Uranus's large moons, circling every 13.5 days
Oberon	Named for the fairy king of A Midsummer Night's Dream
Neptune	49,528 km across, almost 4 Earths wide
Neptune	The windiest planet: gusts reach 2,000 km/h
Neptune	A year lasts 165 Earth years
Neptune	Found by mathematics before anyone saw it, in 1846
Neptune	A day lasts 16 hours 6 minutes
Neptune	Sunlight takes 4 hours to reach it
Neptune	Voyager 2 flew past in 1989, the only visit so far
Triton	2,707 km across
Triton	Orbits backwards, probably captured from the Kuiper belt
Triton	One of the coldest surfaces measured: −235 °C
Triton	Geysers of nitrogen rise 8 km above it
Triton	Circles Neptune every 5.9 days
Proteus	About 420 km across
Proteus	About as big as a world can be without its gravity pulling it round
Proteus	Circles Neptune every 27 hours
Pluto	2,377 km across, smaller than our Moon
Pluto	A year lasts 248 Earth years
Pluto	A day lasts 6.4 Earth days
Pluto	Its heart, Sputnik Planitia, is a plain of nitrogen ice 1,000 km wide
Pluto	Found in 1930 by Clyde Tombaugh
Pluto	Mountains of water ice rise as high as 6 km
Pluto	−225 °C on average
Pluto	Sunlight takes 5.5 hours to reach it
Pluto	Five known moons
Charon	1,212 km across, half as wide as Pluto
Charon	Pluto and Charon always show each other the same face
Charon	Circles Pluto every 6.4 days
Charon	Its red cap is gas escaped from Pluto, frozen out
Nix	About 50 km long
Nix	Circles Pluto every 25 days
Nix	Found by Hubble in 2005
Arrokoth	36 km long
Arrokoth	The farthest world ever explored up close, 6.6 billion km out
Arrokoth	Two lobes that met gently billions of years ago
Arrokoth	A year lasts 298 Earth years
Arrokoth	New Horizons flew past on 1 January 2019
Comet 67P	About 4 km across its larger lobe
Comet 67P	Rosetta circled it for two years, from 2014 to 2016
Comet 67P	Philae made the first landing on a comet here, in 2014
Comet 67P	Circles the Sun every 6.4 years
Comet 67P	A day lasts 12.4 hours
Comet 67P	Darker than coal: it reflects about 6% of the light
